{"frames": [

{
	"filename": "enemies/poop/0001.png",
	"frame": {"x":1,"y":1,"w":41,"h":42},
	"rotated": false,
	"trimmed": true,
	"spriteSourceSize": {"x":1,"y":4,"w":41,"h":42},
	"sourceSize": {"w":44,"h":50}
},
{
	"filename": "enemies/poop/0002.png",
	"frame": {"x":44,"y":1,"w":41,"h":42},
	"rotated": false,
	"trimmed": true,
	"spriteSourceSize": {"x":1,"y":4,"w":41,"h":42},
	"sourceSize": {"w":44,"h":50}
},
{
	"filename": "robot/idle/0001.png",
	"frame": {"x":1109,"y":922,"w":275,"h":470},
	"rotated": false,
	"trimmed": true,
	"spriteSourceSize": {"x":126,"y":52,"w":275,"h":470},
	"sourceSize": {"w":567,"h":556}
},
{
	"filename": "robot/idle/0002.png",
	"frame": {"x":278,"y":900,"w":275,"h":468},
	"rotated": false,
	"trimmed": true,
	"spriteSourceSize": {"x":126,"y":54,"w":275,"h":468},
	"sourceSize": {"w":567,"h":556}
},
{
	"filename": "robot/idle/0003.png",
	"frame": {"x":1440,"y":467,"w":275,"h":467},
	"rotated": false,
	"trimmed": true,
	"spriteSourceSize": {"x":126,"y":55,"w":275,"h":467},
	"sourceSize": {"w":567,"h":556}
},
{
	"filename": "robot/idle/0004.png",
	"frame": {"x":1,"y":416,"w":275,"h":465},
	"rotated": false,
	"trimmed": true,
	"spriteSourceSize": {"x":126,"y":57,"w":275,"h":465},
	"sourceSize": {"w":567,"h":556}
},
{
	"filename": "robot/idle/0005.png",
	"frame": {"x":278,"y":433,"w":275,"h":465},
	"rotated": false,
	"trimmed": true,
	"spriteSourceSize": {"x":126,"y":57,"w":275,"h":465},
	"sourceSize": {"w":567,"h":556}
},
{
	"filename": "robot/idle/0006.png",
	"frame": {"x":555,"y":449,"w":275,"h":465},
	"rotated": false,
	"trimmed": true,
	"spriteSourceSize": {"x":126,"y":57,"w":275,"h":465},
	"sourceSize": {"w":567,"h":556}
},
{
	"filename": "robot/idle/0007.png",
	"frame": {"x":1163,"y":454,"w":275,"h":466},
	"rotated": false,
	"trimmed": true,
	"spriteSourceSize": {"x":126,"y":56,"w":275,"h":466},
	"sourceSize": {"w":567,"h":556}
},
{
	"filename": "robot/idle/0008.png",
	"frame": {"x":1,"y":883,"w":275,"h":467},
	"rotated": false,
	"trimmed": true,
	"spriteSourceSize": {"x":126,"y":55,"w":275,"h":467},
	"sourceSize": {"w":567,"h":556}
},
{
	"filename": "robot/idle/0009.png",
	"frame": {"x":555,"y":916,"w":275,"h":468},
	"rotated": false,
	"trimmed": true,
	"spriteSourceSize": {"x":126,"y":54,"w":275,"h":468},
	"sourceSize": {"w":567,"h":556}
},
{
	"filename": "robot/idle/0010.png",
	"frame": {"x":832,"y":916,"w":275,"h":469},
	"rotated": false,
	"trimmed": true,
	"spriteSourceSize": {"x":126,"y":53,"w":275,"h":469},
	"sourceSize": {"w":567,"h":556}
},
{
	"filename": "robot/jump/0001.png",
	"frame": {"x":1514,"y":1,"w":287,"h":464},
	"rotated": false,
	"trimmed": true,
	"spriteSourceSize": {"x":160,"y":65,"w":287,"h":464},
	"sourceSize": {"w":567,"h":556}
},
{
	"filename": "robot/jump/0002.png",
	"frame": {"x":1,"y":1844,"w":327,"h":483},
	"rotated": false,
	"trimmed": true,
	"spriteSourceSize": {"x":130,"y":58,"w":327,"h":483},
	"sourceSize": {"w":567,"h":556}
},
{
	"filename": "robot/jump/0003.png",
	"frame": {"x":1170,"y":1,"w":342,"h":451},
	"rotated": false,
	"trimmed": true,
	"spriteSourceSize": {"x":95,"y":56,"w":342,"h":451},
	"sourceSize": {"w":567,"h":556}
},
{
	"filename": "robot/jump/0004.png",
	"frame": {"x":825,"y":1,"w":343,"h":446},
	"rotated": false,
	"trimmed": true,
	"spriteSourceSize": {"x":89,"y":56,"w":343,"h":446},
	"sourceSize": {"w":567,"h":556}
},
{
	"filename": "robot/jump/0005.png",
	"frame": {"x":470,"y":1,"w":353,"h":430},
	"rotated": false,
	"trimmed": true,
	"spriteSourceSize": {"x":82,"y":57,"w":353,"h":430},
	"sourceSize": {"w":567,"h":556}
},
{
	"filename": "robot/jump/0006.png",
	"frame": {"x":87,"y":1,"w":381,"h":413},
	"rotated": false,
	"trimmed": true,
	"spriteSourceSize": {"x":76,"y":57,"w":381,"h":413},
	"sourceSize": {"w":567,"h":556}
},
{
	"filename": "robot/jump/0007.png",
	"frame": {"x":1375,"y":1450,"w":386,"h":476},
	"rotated": false,
	"trimmed": true,
	"spriteSourceSize": {"x":69,"y":57,"w":386,"h":476},
	"sourceSize": {"w":567,"h":556}
},
{
	"filename": "robot/jump/0008.png",
	"frame": {"x":371,"y":1386,"w":385,"h":473},
	"rotated": false,
	"trimmed": true,
	"spriteSourceSize": {"x":62,"y":57,"w":385,"h":473},
	"sourceSize": {"w":567,"h":556}
},
{
	"filename": "robot/jump/0009.png",
	"frame": {"x":1000,"y":1875,"w":355,"h":499},
	"rotated": false,
	"trimmed": true,
	"spriteSourceSize": {"x":97,"y":57,"w":355,"h":499},
	"sourceSize": {"w":567,"h":556}
},
{
	"filename": "robot/jump/0010.png",
	"frame": {"x":330,"y":1861,"w":329,"h":496},
	"rotated": false,
	"trimmed": true,
	"spriteSourceSize": {"x":135,"y":59,"w":329,"h":496},
	"sourceSize": {"w":567,"h":556}
},
{
	"filename": "robot/run/0001.png",
	"frame": {"x":1700,"y":963,"w":259,"h":485},
	"rotated": false,
	"trimmed": true,
	"spriteSourceSize": {"x":146,"y":53,"w":259,"h":485},
	"sourceSize": {"w":567,"h":556}
},
{
	"filename": "robot/run/0002.png",
	"frame": {"x":1717,"y":467,"w":256,"h":494},
	"rotated": false,
	"trimmed": true,
	"spriteSourceSize": {"x":120,"y":53,"w":256,"h":494},
	"sourceSize": {"w":567,"h":556}
},
{
	"filename": "robot/run/0003.png",
	"frame": {"x":832,"y":449,"w":329,"h":465},
	"rotated": false,
	"trimmed": true,
	"spriteSourceSize": {"x":111,"y":54,"w":329,"h":465},
	"sourceSize": {"w":567,"h":556}
},
{
	"filename": "robot/run/0004.png",
	"frame": {"x":1386,"y":936,"w":312,"h":476},
	"rotated": false,
	"trimmed": true,
	"spriteSourceSize": {"x":95,"y":53,"w":312,"h":476},
	"sourceSize": {"w":567,"h":556}
},
{
	"filename": "robot/run/0005.png",
	"frame": {"x":758,"y":1387,"w":298,"h":477},
	"rotated": false,
	"trimmed": true,
	"spriteSourceSize": {"x":133,"y":53,"w":298,"h":477},
	"sourceSize": {"w":567,"h":556}
},
{
	"filename": "robot/run/0006.png",
	"frame": {"x":661,"y":1866,"w":337,"h":497},
	"rotated": false,
	"trimmed": true,
	"spriteSourceSize": {"x":108,"y":53,"w":337,"h":497},
	"sourceSize": {"w":567,"h":556}
},
{
	"filename": "robot/run/0007.png",
	"frame": {"x":1,"y":1370,"w":368,"h":472},
	"rotated": false,
	"trimmed": true,
	"spriteSourceSize": {"x":77,"y":54,"w":368,"h":472},
	"sourceSize": {"w":567,"h":556}
},
{
	"filename": "robot/run/0008.png",
	"frame": {"x":1058,"y":1394,"w":315,"h":479},
	"rotated": false,
	"trimmed": true,
	"spriteSourceSize": {"x":128,"y":53,"w":315,"h":479},
	"sourceSize": {"w":567,"h":556}
}],
"meta": {
	"app": "http://www.codeandweb.com/texturepacker",
	"version": "1.0",
	"image": "characters.png",
	"format": "RGBA8888",
	"size": {"w":1974,"h":2375},
	"scale": "1",
	"smartupdate": "$TexturePacker:SmartUpdate:f05754d877f62641c45b912feabd6683:afb4cdf2000fe9c308d973072addb604:a5fe7db4b869eb0f3e0b2940b9577ea8$"
}
}
